Tree;Richness;Zones;Forests
1;1;1;Restinga1
2;1;1;Restinga1
3;1;1;Restinga1
4;0;1;Restinga1
5;1;1;Restinga1
6;0;1;Restinga1
7;1;1;Restinga1
8;1;1;Restinga1
9;0;1;Restinga1
10;0;1;Restinga1
11;0;1;Restinga1
12;0;1;Restinga1
13;0;1;Restinga1
14;0;1;Restinga1
15;0;1;Restinga1
16;0;1;Restinga1
17;2;1;Restinga1
18;1;1;Restinga1
19;0;1;Restinga1
20;1;1;Restinga1
21;0;1;Restinga1
22;0;1;Restinga1
23;1;1;Restinga1
24;1;1;Restinga1
25;1;1;Restinga1
26;2;1;Restinga1
27;1;1;Restinga1
28;2;1;Restinga1
29;0;1;Restinga1
30;0;1;Restinga1
31;0;1;Restinga1
32;1;1;Restinga1
33;1;1;Restinga1
34;2;1;Restinga1
35;2;1;Restinga1
36;0;1;Restinga1
37;0;1;Restinga1
38;0;1;Restinga1
39;0;1;Restinga1
40;0;1;Restinga1
41;1;1;Restinga1
42;1;1;Restinga1
43;1;1;Restinga1
44;1;1;Restinga1
45;0;1;Restinga1
46;1;1;Restinga1
47;1;1;Restinga1
48;1;1;Restinga1
49;1;1;Restinga1
50;0;1;Restinga1
51;2;1;Restinga1
52;1;1;Restinga1
53;1;1;Restinga1
54;1;1;Restinga1
55;3;1;Restinga1
56;1;1;Restinga1
57;3;1;Restinga1
58;2;1;Restinga1
59;2;1;Restinga1
60;1;1;Restinga1
61;2;1;Restinga1
62;1;1;Restinga1
63;0;1;Restinga1
64;1;1;Restinga1
65;2;1;Restinga1
66;2;1;Restinga1
67;1;1;Restinga1
68;0;1;Restinga1
69;3;1;Restinga1
70;1;1;Restinga1
71;1;1;Restinga1
72;1;2;Restinga1
73;1;2;Restinga1
74;0;2;Restinga1
75;1;2;Restinga1
76;2;2;Restinga1
77;1;2;Restinga1
78;1;2;Restinga1
79;1;2;Restinga1
80;1;2;Restinga1
81;1;2;Restinga1
82;3;2;Restinga1
83;1;2;Restinga1
84;1;2;Restinga1
85;1;2;Restinga1
86;2;2;Restinga1
87;1;2;Restinga1
88;3;2;Restinga1
89;1;2;Restinga1
90;1;2;Restinga1
91;2;2;Restinga1
92;1;2;Restinga1
93;0;2;Restinga1
94;0;2;Restinga1
95;0;2;Restinga1
96;2;2;Restinga1
97;2;2;Restinga1
98;1;2;Restinga1
99;2;2;Restinga1
100;1;2;Restinga1
101;0;2;Restinga1
102;1;2;Restinga1
103;1;2;Restinga1
104;1;2;Restinga1
105;2;2;Restinga1
106;2;2;Restinga1
107;1;2;Restinga1
108;1;2;Restinga1
109;0;2;Restinga1
110;0;2;Restinga1
111;0;2;Restinga1
112;1;2;Restinga1
113;2;2;Restinga1
114;1;2;Restinga1
115;1;2;Restinga1
116;0;2;Restinga1
117;1;2;Restinga1
118;2;2;Restinga1
119;2;2;Restinga1
120;1;2;Restinga1
121;0;2;Restinga1
122;2;2;Restinga1
123;3;2;Restinga1
124;0;2;Restinga1
125;2;2;Restinga1
126;7;2;Restinga1
127;1;2;Restinga1
128;2;2;Restinga1
129;3;2;Restinga1
130;2;2;Restinga1
131;1;2;Restinga1
132;2;2;Restinga1
133;2;2;Restinga1
134;4;2;Restinga1
135;2;2;Restinga1
136;2;2;Restinga1
137;2;2;Restinga1
138;2;2;Restinga1
139;1;2;Restinga1
140;4;2;Restinga1
141;3;2;Restinga1
142;1;2;Restinga1
143;0;3;Restinga1
144;0;3;Restinga1
145;0;3;Restinga1
146;1;3;Restinga1
147;2;3;Restinga1
148;0;3;Restinga1
149;1;3;Restinga1
150;0;3;Restinga1
151;0;3;Restinga1
152;0;3;Restinga1
153;2;3;Restinga1
154;0;3;Restinga1
155;1;3;Restinga1
156;2;3;Restinga1
157;0;3;Restinga1
158;0;3;Restinga1
159;1;3;Restinga1
160;0;3;Restinga1
161;0;3;Restinga1
162;1;3;Restinga1
163;0;3;Restinga1
164;0;3;Restinga1
165;0;3;Restinga1
166;1;3;Restinga1
167;0;3;Restinga1
168;1;3;Restinga1
169;1;3;Restinga1
170;1;3;Restinga1
171;1;3;Restinga1
172;0;3;Restinga1
173;1;3;Restinga1
174;0;3;Restinga1
175;0;3;Restinga1
176;1;3;Restinga1
177;0;3;Restinga1
178;0;3;Restinga1
179;0;3;Restinga1
180;0;3;Restinga1
181;0;3;Restinga1
182;0;3;Restinga1
183;0;3;Restinga1
184;1;3;Restinga1
185;1;3;Restinga1
186;0;3;Restinga1
187;0;3;Restinga1
188;1;3;Restinga1
189;0;3;Restinga1
190;1;3;Restinga1
191;0;3;Restinga1
192;0;3;Restinga1
193;0;3;Restinga1
194;0;3;Restinga1
195;1;3;Restinga1
196;1;3;Restinga1
197;2;3;Restinga1
198;1;3;Restinga1
199;3;3;Restinga1
200;2;3;Restinga1
201;1;3;Restinga1
202;0;3;Restinga1
203;0;3;Restinga1
204;0;3;Restinga1
205;2;3;Restinga1
206;0;3;Restinga1
207;0;3;Restinga1
208;1;3;Restinga1
209;0;3;Restinga1
210;1;3;Restinga1
211;2;3;Restinga1
212;2;3;Restinga1
213;1;3;Restinga1
214;0;4;Restinga1
215;0;4;Restinga1
216;0;4;Restinga1
217;0;4;Restinga1
218;2;4;Restinga1
219;0;4;Restinga1
220;0;4;Restinga1
221;0;4;Restinga1
222;0;4;Restinga1
223;0;4;Restinga1
224;1;4;Restinga1
225;0;4;Restinga1
226;0;4;Restinga1
227;0;4;Restinga1
228;0;4;Restinga1
229;0;4;Restinga1
230;2;4;Restinga1
231;0;4;Restinga1
232;0;4;Restinga1
233;1;4;Restinga1
234;0;4;Restinga1
235;0;4;Restinga1
236;0;4;Restinga1
237;2;4;Restinga1
238;0;4;Restinga1
239;2;4;Restinga1
240;0;4;Restinga1
241;1;4;Restinga1
242;1;4;Restinga1
243;0;4;Restinga1
244;1;4;Restinga1
245;0;4;Restinga1
246;0;4;Restinga1
247;0;4;Restinga1
248;0;4;Restinga1
249;0;4;Restinga1
250;0;4;Restinga1
251;0;4;Restinga1
252;0;4;Restinga1
253;0;4;Restinga1
254;0;4;Restinga1
255;1;4;Restinga1
256;1;4;Restinga1
257;0;4;Restinga1
258;0;4;Restinga1
259;0;4;Restinga1
260;0;4;Restinga1
261;1;4;Restinga1
262;0;4;Restinga1
263;0;4;Restinga1
264;0;4;Restinga1
265;0;4;Restinga1
266;0;4;Restinga1
267;0;4;Restinga1
268;0;4;Restinga1
269;0;4;Restinga1
270;1;4;Restinga1
271;0;4;Restinga1
272;1;4;Restinga1
273;0;4;Restinga1
274;0;4;Restinga1
275;0;4;Restinga1
276;0;4;Restinga1
277;0;4;Restinga1
278;0;4;Restinga1
279;0;4;Restinga1
280;0;4;Restinga1
281;0;4;Restinga1
282;1;4;Restinga1
283;1;4;Restinga1
284;1;4;Restinga1
285;0;5;Restinga1
286;0;5;Restinga1
287;0;5;Restinga1
288;0;5;Restinga1
289;0;5;Restinga1
290;0;5;Restinga1
291;0;5;Restinga1
292;0;5;Restinga1
293;0;5;Restinga1
294;0;5;Restinga1
295;0;5;Restinga1
296;0;5;Restinga1
297;0;5;Restinga1
298;0;5;Restinga1
299;0;5;Restinga1
300;0;5;Restinga1
301;1;5;Restinga1
302;0;5;Restinga1
303;0;5;Restinga1
304;0;5;Restinga1
305;0;5;Restinga1
306;0;5;Restinga1
307;0;5;Restinga1
308;0;5;Restinga1
309;0;5;Restinga1
310;0;5;Restinga1
311;0;5;Restinga1
312;0;5;Restinga1
313;0;5;Restinga1
314;0;5;Restinga1
315;0;5;Restinga1
316;0;5;Restinga1
317;0;5;Restinga1
318;0;5;Restinga1
319;0;5;Restinga1
320;0;5;Restinga1
321;0;5;Restinga1
322;0;5;Restinga1
323;0;5;Restinga1
324;0;5;Restinga1
325;0;5;Restinga1
326;0;5;Restinga1
327;0;5;Restinga1
328;0;5;Restinga1
329;0;5;Restinga1
330;0;5;Restinga1
331;0;5;Restinga1
332;0;5;Restinga1
333;0;5;Restinga1
334;0;5;Restinga1
335;0;5;Restinga1
336;0;5;Restinga1
337;0;5;Restinga1
338;0;5;Restinga1
339;0;5;Restinga1
340;0;5;Restinga1
341;0;5;Restinga1
342;0;5;Restinga1
343;0;5;Restinga1
344;0;5;Restinga1
345;0;5;Restinga1
346;0;5;Restinga1
347;0;5;Restinga1
348;0;5;Restinga1
349;0;5;Restinga1
350;0;5;Restinga1
351;0;5;Restinga1
352;0;5;Restinga1
353;0;5;Restinga1
354;0;5;Restinga1
355;0;5;Restinga1
356;1;1;Restinga2
357;0;1;Restinga2
358;2;1;Restinga2
359;2;1;Restinga2
360;1;1;Restinga2
361;1;1;Restinga2
362;1;1;Restinga2
363;2;1;Restinga2
364;1;1;Restinga2
365;1;1;Restinga2
366;0;1;Restinga2
367;0;1;Restinga2
368;1;1;Restinga2
369;1;1;Restinga2
370;1;1;Restinga2
371;2;1;Restinga2
372;0;1;Restinga2
373;2;1;Restinga2
374;0;1;Restinga2
375;1;1;Restinga2
376;1;1;Restinga2
377;0;1;Restinga2
378;1;1;Restinga2
379;2;1;Restinga2
380;1;1;Restinga2
381;1;1;Restinga2
382;1;1;Restinga2
383;2;1;Restinga2
384;1;1;Restinga2
385;3;1;Restinga2
386;0;1;Restinga2
387;1;1;Restinga2
388;0;1;Restinga2
389;1;1;Restinga2
390;2;1;Restinga2
391;1;1;Restinga2
392;0;1;Restinga2
393;2;1;Restinga2
394;2;1;Restinga2
395;3;1;Restinga2
396;0;1;Restinga2
397;1;1;Restinga2
398;2;1;Restinga2
399;5;1;Restinga2
400;2;1;Restinga2
401;1;1;Restinga2
402;2;1;Restinga2
403;2;1;Restinga2
404;2;1;Restinga2
405;3;1;Restinga2
406;1;1;Restinga2
407;1;1;Restinga2
408;3;1;Restinga2
409;1;2;Restinga2
410;1;2;Restinga2
411;1;2;Restinga2
412;1;2;Restinga2
413;1;2;Restinga2
414;2;2;Restinga2
415;2;2;Restinga2
416;2;2;Restinga2
417;1;2;Restinga2
418;3;2;Restinga2
419;1;2;Restinga2
420;1;2;Restinga2
421;2;2;Restinga2
422;1;2;Restinga2
423;3;2;Restinga2
424;3;2;Restinga2
425;2;2;Restinga2
426;2;2;Restinga2
427;1;2;Restinga2
428;2;2;Restinga2
429;2;2;Restinga2
430;0;2;Restinga2
431;1;2;Restinga2
432;3;2;Restinga2
433;1;2;Restinga2
434;1;2;Restinga2
435;1;2;Restinga2
436;2;2;Restinga2
437;1;2;Restinga2
438;3;2;Restinga2
439;1;2;Restinga2
440;4;2;Restinga2
441;2;2;Restinga2
442;4;2;Restinga2
443;2;2;Restinga2
444;2;2;Restinga2
445;1;2;Restinga2
446;1;2;Restinga2
447;5;2;Restinga2
448;2;2;Restinga2
449;0;2;Restinga2
450;2;2;Restinga2
451;2;2;Restinga2
452;5;2;Restinga2
453;2;2;Restinga2
454;2;2;Restinga2
455;1;2;Restinga2
456;5;2;Restinga2
457;2;2;Restinga2
458;3;2;Restinga2
459;2;2;Restinga2
460;2;2;Restinga2
461;1;2;Restinga2
462;1;3;Restinga2
463;1;3;Restinga2
464;1;3;Restinga2
465;1;3;Restinga2
466;1;3;Restinga2
467;2;3;Restinga2
468;1;3;Restinga2
469;2;3;Restinga2
470;1;3;Restinga2
471;2;3;Restinga2
472;1;3;Restinga2
473;4;3;Restinga2
474;1;3;Restinga2
475;0;3;Restinga2
476;3;3;Restinga2
477;6;3;Restinga2
478;2;3;Restinga2
479;5;3;Restinga2
480;3;3;Restinga2
481;3;3;Restinga2
482;4;3;Restinga2
483;1;3;Restinga2
484;1;3;Restinga2
485;1;3;Restinga2
486;1;3;Restinga2
487;1;3;Restinga2
488;2;3;Restinga2
489;3;3;Restinga2
490;2;3;Restinga2
491;3;3;Restinga2
492;1;3;Restinga2
493;1;3;Restinga2
494;1;3;Restinga2
495;2;3;Restinga2
496;1;3;Restinga2
497;2;3;Restinga2
498;0;3;Restinga2
499;0;3;Restinga2
500;1;3;Restinga2
501;2;3;Restinga2
502;0;3;Restinga2
503;1;3;Restinga2
504;2;3;Restinga2
505;1;3;Restinga2
506;3;3;Restinga2
507;3;3;Restinga2
508;1;3;Restinga2
509;2;3;Restinga2
510;3;3;Restinga2
511;0;3;Restinga2
512;1;3;Restinga2
513;1;3;Restinga2
514;0;3;Restinga2
515;1;4;Restinga2
516;1;4;Restinga2
517;1;4;Restinga2
518;1;4;Restinga2
519;1;4;Restinga2
520;1;4;Restinga2
521;1;4;Restinga2
522;1;4;Restinga2
523;1;4;Restinga2
524;1;4;Restinga2
525;1;4;Restinga2
526;4;4;Restinga2
527;1;4;Restinga2
528;0;4;Restinga2
529;4;4;Restinga2
530;2;4;Restinga2
531;2;4;Restinga2
532;3;4;Restinga2
533;2;4;Restinga2
534;1;4;Restinga2
535;1;4;Restinga2
536;1;4;Restinga2
537;1;4;Restinga2
538;1;4;Restinga2
539;1;4;Restinga2
540;1;4;Restinga2
541;3;4;Restinga2
542;2;4;Restinga2
543;1;4;Restinga2
544;1;4;Restinga2
545;2;4;Restinga2
546;1;4;Restinga2
547;1;4;Restinga2
548;2;4;Restinga2
549;1;4;Restinga2
550;1;4;Restinga2
551;0;4;Restinga2
552;0;4;Restinga2
553;2;4;Restinga2
554;1;4;Restinga2
555;0;4;Restinga2
556;2;4;Restinga2
557;1;4;Restinga2
558;1;4;Restinga2
559;2;4;Restinga2
560;2;4;Restinga2
561;1;4;Restinga2
562;2;4;Restinga2
563;2;4;Restinga2
564;0;4;Restinga2
565;1;4;Restinga2
566;2;4;Restinga2
567;0;4;Restinga2
568;1;5;Restinga2
569;1;5;Restinga2
570;0;5;Restinga2
571;0;5;Restinga2
572;0;5;Restinga2
573;2;5;Restinga2
574;1;5;Restinga2
575;0;5;Restinga2
576;1;5;Restinga2
577;1;5;Restinga2
578;1;5;Restinga2
579;1;5;Restinga2
580;1;5;Restinga2
581;0;5;Restinga2
582;1;5;Restinga2
583;2;5;Restinga2
584;0;5;Restinga2
585;1;5;Restinga2
586;0;5;Restinga2
587;1;5;Restinga2
588;1;5;Restinga2
589;1;5;Restinga2
590;1;5;Restinga2
591;1;5;Restinga2
592;0;5;Restinga2
593;1;5;Restinga2
594;1;5;Restinga2
595;1;5;Restinga2
596;0;5;Restinga2
597;0;5;Restinga2
598;1;5;Restinga2
599;0;5;Restinga2
600;0;5;Restinga2
601;1;5;Restinga2
602;0;5;Restinga2
603;1;5;Restinga2
604;0;5;Restinga2
605;0;5;Restinga2
606;0;5;Restinga2
607;0;5;Restinga2
608;0;5;Restinga2
609;0;5;Restinga2
610;0;5;Restinga2
611;1;5;Restinga2
612;1;5;Restinga2
613;1;5;Restinga2
614;1;5;Restinga2
615;2;5;Restinga2
616;2;5;Restinga2
617;0;5;Restinga2
618;1;5;Restinga2
619;1;5;Restinga2
620;0;5;Restinga2
621;1;1;FlorestaTerrasBaixas
622;1;1;FlorestaTerrasBaixas
623;1;1;FlorestaTerrasBaixas
624;0;1;FlorestaTerrasBaixas
625;0;1;FlorestaTerrasBaixas
626;0;1;FlorestaTerrasBaixas
627;0;1;FlorestaTerrasBaixas
628;1;1;FlorestaTerrasBaixas
629;1;1;FlorestaTerrasBaixas
630;0;1;FlorestaTerrasBaixas
631;0;1;FlorestaTerrasBaixas
632;1;1;FlorestaTerrasBaixas
633;1;1;FlorestaTerrasBaixas
634;0;1;FlorestaTerrasBaixas
635;0;1;FlorestaTerrasBaixas
636;0;1;FlorestaTerrasBaixas
637;0;1;FlorestaTerrasBaixas
638;0;1;FlorestaTerrasBaixas
639;0;1;FlorestaTerrasBaixas
640;0;1;FlorestaTerrasBaixas
641;0;1;FlorestaTerrasBaixas
642;0;1;FlorestaTerrasBaixas
643;2;1;FlorestaTerrasBaixas
644;0;1;FlorestaTerrasBaixas
645;0;1;FlorestaTerrasBaixas
646;1;1;FlorestaTerrasBaixas
647;0;1;FlorestaTerrasBaixas
648;0;1;FlorestaTerrasBaixas
649;0;1;FlorestaTerrasBaixas
650;0;1;FlorestaTerrasBaixas
651;0;1;FlorestaTerrasBaixas
652;0;1;FlorestaTerrasBaixas
653;0;1;FlorestaTerrasBaixas
654;0;1;FlorestaTerrasBaixas
655;0;1;FlorestaTerrasBaixas
656;0;1;FlorestaTerrasBaixas
657;1;1;FlorestaTerrasBaixas
658;1;1;FlorestaTerrasBaixas
659;0;1;FlorestaTerrasBaixas
660;0;1;FlorestaTerrasBaixas
661;0;1;FlorestaTerrasBaixas
662;0;1;FlorestaTerrasBaixas
663;1;2;FlorestaTerrasBaixas
664;1;2;FlorestaTerrasBaixas
665;0;2;FlorestaTerrasBaixas
666;3;2;FlorestaTerrasBaixas
667;1;2;FlorestaTerrasBaixas
668;0;2;FlorestaTerrasBaixas
669;1;2;FlorestaTerrasBaixas
670;0;2;FlorestaTerrasBaixas
671;1;2;FlorestaTerrasBaixas
672;1;2;FlorestaTerrasBaixas
673;1;2;FlorestaTerrasBaixas
674;0;2;FlorestaTerrasBaixas
675;0;2;FlorestaTerrasBaixas
676;0;2;FlorestaTerrasBaixas
677;0;2;FlorestaTerrasBaixas
678;0;2;FlorestaTerrasBaixas
679;2;2;FlorestaTerrasBaixas
680;2;2;FlorestaTerrasBaixas
681;1;2;FlorestaTerrasBaixas
682;1;2;FlorestaTerrasBaixas
683;1;2;FlorestaTerrasBaixas
684;2;2;FlorestaTerrasBaixas
685;0;2;FlorestaTerrasBaixas
686;1;2;FlorestaTerrasBaixas
687;0;2;FlorestaTerrasBaixas
688;0;2;FlorestaTerrasBaixas
689;1;2;FlorestaTerrasBaixas
690;1;2;FlorestaTerrasBaixas
691;0;2;FlorestaTerrasBaixas
692;0;2;FlorestaTerrasBaixas
693;3;2;FlorestaTerrasBaixas
694;0;2;FlorestaTerrasBaixas
695;0;2;FlorestaTerrasBaixas
696;0;2;FlorestaTerrasBaixas
697;0;2;FlorestaTerrasBaixas
698;1;2;FlorestaTerrasBaixas
699;2;2;FlorestaTerrasBaixas
700;3;2;FlorestaTerrasBaixas
701;0;2;FlorestaTerrasBaixas
702;0;2;FlorestaTerrasBaixas
703;0;2;FlorestaTerrasBaixas
704;0;2;FlorestaTerrasBaixas
705;0;3;FlorestaTerrasBaixas
706;0;3;FlorestaTerrasBaixas
707;1;3;FlorestaTerrasBaixas
708;2;3;FlorestaTerrasBaixas
709;2;3;FlorestaTerrasBaixas
710;0;3;FlorestaTerrasBaixas
711;1;3;FlorestaTerrasBaixas
712;1;3;FlorestaTerrasBaixas
713;3;3;FlorestaTerrasBaixas
714;0;3;FlorestaTerrasBaixas
715;0;3;FlorestaTerrasBaixas
716;0;3;FlorestaTerrasBaixas
717;4;3;FlorestaTerrasBaixas
718;0;3;FlorestaTerrasBaixas
719;0;3;FlorestaTerrasBaixas
720;2;3;FlorestaTerrasBaixas
721;1;3;FlorestaTerrasBaixas
722;0;3;FlorestaTerrasBaixas
723;1;3;FlorestaTerrasBaixas
724;1;3;FlorestaTerrasBaixas
725;1;3;FlorestaTerrasBaixas
726;0;3;FlorestaTerrasBaixas
727;0;3;FlorestaTerrasBaixas
728;0;3;FlorestaTerrasBaixas
729;1;3;FlorestaTerrasBaixas
730;0;3;FlorestaTerrasBaixas
731;1;3;FlorestaTerrasBaixas
732;1;3;FlorestaTerrasBaixas
733;0;3;FlorestaTerrasBaixas
734;1;3;FlorestaTerrasBaixas
735;0;3;FlorestaTerrasBaixas
736;0;3;FlorestaTerrasBaixas
737;0;3;FlorestaTerrasBaixas
738;0;3;FlorestaTerrasBaixas
739;0;3;FlorestaTerrasBaixas
740;0;3;FlorestaTerrasBaixas
741;0;3;FlorestaTerrasBaixas
742;2;3;FlorestaTerrasBaixas
743;0;3;FlorestaTerrasBaixas
744;0;3;FlorestaTerrasBaixas
745;0;3;FlorestaTerrasBaixas
746;0;3;FlorestaTerrasBaixas
747;0;4;FlorestaTerrasBaixas
748;0;4;FlorestaTerrasBaixas
749;0;4;FlorestaTerrasBaixas
750;1;4;FlorestaTerrasBaixas
751;1;4;FlorestaTerrasBaixas
752;0;4;FlorestaTerrasBaixas
753;0;4;FlorestaTerrasBaixas
754;0;4;FlorestaTerrasBaixas
755;2;4;FlorestaTerrasBaixas
756;0;4;FlorestaTerrasBaixas
757;1;4;FlorestaTerrasBaixas
758;1;4;FlorestaTerrasBaixas
759;1;4;FlorestaTerrasBaixas
760;1;4;FlorestaTerrasBaixas
761;0;4;FlorestaTerrasBaixas
762;0;4;FlorestaTerrasBaixas
763;2;4;FlorestaTerrasBaixas
764;1;4;FlorestaTerrasBaixas
765;0;4;FlorestaTerrasBaixas
766;0;4;FlorestaTerrasBaixas
767;0;4;FlorestaTerrasBaixas
768;0;4;FlorestaTerrasBaixas
769;0;4;FlorestaTerrasBaixas
770;0;4;FlorestaTerrasBaixas
771;0;4;FlorestaTerrasBaixas
772;0;4;FlorestaTerrasBaixas
773;0;4;FlorestaTerrasBaixas
774;0;4;FlorestaTerrasBaixas
775;0;4;FlorestaTerrasBaixas
776;0;4;FlorestaTerrasBaixas
777;0;4;FlorestaTerrasBaixas
778;0;4;FlorestaTerrasBaixas
779;2;4;FlorestaTerrasBaixas
780;0;4;FlorestaTerrasBaixas
781;0;4;FlorestaTerrasBaixas
782;1;4;FlorestaTerrasBaixas
783;0;4;FlorestaTerrasBaixas
784;1;4;FlorestaTerrasBaixas
785;0;4;FlorestaTerrasBaixas
786;0;4;FlorestaTerrasBaixas
787;0;4;FlorestaTerrasBaixas
788;0;4;FlorestaTerrasBaixas
789;0;5;FlorestaTerrasBaixas
790;0;5;FlorestaTerrasBaixas
791;0;5;FlorestaTerrasBaixas
792;0;5;FlorestaTerrasBaixas
793;0;5;FlorestaTerrasBaixas
794;0;5;FlorestaTerrasBaixas
795;0;5;FlorestaTerrasBaixas
796;0;5;FlorestaTerrasBaixas
797;1;5;FlorestaTerrasBaixas
798;0;5;FlorestaTerrasBaixas
799;0;5;FlorestaTerrasBaixas
800;0;5;FlorestaTerrasBaixas
801;0;5;FlorestaTerrasBaixas
802;0;5;FlorestaTerrasBaixas
803;0;5;FlorestaTerrasBaixas
804;0;5;FlorestaTerrasBaixas
805;0;5;FlorestaTerrasBaixas
806;0;5;FlorestaTerrasBaixas
807;0;5;FlorestaTerrasBaixas
808;0;5;FlorestaTerrasBaixas
809;0;5;FlorestaTerrasBaixas
810;0;5;FlorestaTerrasBaixas
811;0;5;FlorestaTerrasBaixas
812;0;5;FlorestaTerrasBaixas
813;0;5;FlorestaTerrasBaixas
814;0;5;FlorestaTerrasBaixas
815;0;5;FlorestaTerrasBaixas
816;0;5;FlorestaTerrasBaixas
817;0;5;FlorestaTerrasBaixas
818;0;5;FlorestaTerrasBaixas
819;0;5;FlorestaTerrasBaixas
820;0;5;FlorestaTerrasBaixas
821;0;5;FlorestaTerrasBaixas
822;0;5;FlorestaTerrasBaixas
823;0;5;FlorestaTerrasBaixas
824;0;5;FlorestaTerrasBaixas
825;0;5;FlorestaTerrasBaixas
826;0;5;FlorestaTerrasBaixas
827;0;5;FlorestaTerrasBaixas
828;0;5;FlorestaTerrasBaixas
829;0;5;FlorestaTerrasBaixas
830;0;5;FlorestaTerrasBaixas
831;1;1;FlorestaSubmontana1
832;1;1;FlorestaSubmontana1
833;1;1;FlorestaSubmontana1
834;0;1;FlorestaSubmontana1
835;1;1;FlorestaSubmontana1
836;1;1;FlorestaSubmontana1
837;0;1;FlorestaSubmontana1
838;0;1;FlorestaSubmontana1
839;1;1;FlorestaSubmontana1
840;2;1;FlorestaSubmontana1
841;0;1;FlorestaSubmontana1
842;0;1;FlorestaSubmontana1
843;0;1;FlorestaSubmontana1
844;1;1;FlorestaSubmontana1
845;0;1;FlorestaSubmontana1
846;1;1;FlorestaSubmontana1
847;0;1;FlorestaSubmontana1
848;0;1;FlorestaSubmontana1
849;1;1;FlorestaSubmontana1
850;0;1;FlorestaSubmontana1
851;1;1;FlorestaSubmontana1
852;1;1;FlorestaSubmontana1
853;0;1;FlorestaSubmontana1
854;1;1;FlorestaSubmontana1
855;1;1;FlorestaSubmontana1
856;0;1;FlorestaSubmontana1
857;0;1;FlorestaSubmontana1
858;0;1;FlorestaSubmontana1
859;1;1;FlorestaSubmontana1
860;0;1;FlorestaSubmontana1
861;2;1;FlorestaSubmontana1
862;1;1;FlorestaSubmontana1
863;1;1;FlorestaSubmontana1
864;2;1;FlorestaSubmontana1
865;0;1;FlorestaSubmontana1
866;1;1;FlorestaSubmontana1
867;2;1;FlorestaSubmontana1
868;3;1;FlorestaSubmontana1
869;1;1;FlorestaSubmontana1
870;0;1;FlorestaSubmontana1
871;0;1;FlorestaSubmontana1
872;0;1;FlorestaSubmontana1
873;0;1;FlorestaSubmontana1
874;1;1;FlorestaSubmontana1
875;1;2;FlorestaSubmontana1
876;0;2;FlorestaSubmontana1
877;1;2;FlorestaSubmontana1
878;0;2;FlorestaSubmontana1
879;0;2;FlorestaSubmontana1
880;0;2;FlorestaSubmontana1
881;0;2;FlorestaSubmontana1
882;0;2;FlorestaSubmontana1
883;3;2;FlorestaSubmontana1
884;0;2;FlorestaSubmontana1
885;0;2;FlorestaSubmontana1
886;0;2;FlorestaSubmontana1
887;1;2;FlorestaSubmontana1
888;1;2;FlorestaSubmontana1
889;0;2;FlorestaSubmontana1
890;3;2;FlorestaSubmontana1
891;2;2;FlorestaSubmontana1
892;0;2;FlorestaSubmontana1
893;0;2;FlorestaSubmontana1
894;0;2;FlorestaSubmontana1
895;0;2;FlorestaSubmontana1
896;5;2;FlorestaSubmontana1
897;2;2;FlorestaSubmontana1
898;0;2;FlorestaSubmontana1
899;1;2;FlorestaSubmontana1
900;1;2;FlorestaSubmontana1
901;1;2;FlorestaSubmontana1
902;1;2;FlorestaSubmontana1
903;6;2;FlorestaSubmontana1
904;0;2;FlorestaSubmontana1
905;6;2;FlorestaSubmontana1
906;1;2;FlorestaSubmontana1
907;1;2;FlorestaSubmontana1
908;1;2;FlorestaSubmontana1
909;1;2;FlorestaSubmontana1
910;3;2;FlorestaSubmontana1
911;2;2;FlorestaSubmontana1
912;3;2;FlorestaSubmontana1
913;0;2;FlorestaSubmontana1
914;0;2;FlorestaSubmontana1
915;1;2;FlorestaSubmontana1
916;0;2;FlorestaSubmontana1
917;0;2;FlorestaSubmontana1
918;0;2;FlorestaSubmontana1
919;0;3;FlorestaSubmontana1
920;0;3;FlorestaSubmontana1
921;1;3;FlorestaSubmontana1
922;0;3;FlorestaSubmontana1
923;0;3;FlorestaSubmontana1
924;0;3;FlorestaSubmontana1
925;0;3;FlorestaSubmontana1
926;0;3;FlorestaSubmontana1
927;1;3;FlorestaSubmontana1
928;0;3;FlorestaSubmontana1
929;0;3;FlorestaSubmontana1
930;0;3;FlorestaSubmontana1
931;0;3;FlorestaSubmontana1
932;0;3;FlorestaSubmontana1
933;0;3;FlorestaSubmontana1
934;0;3;FlorestaSubmontana1
935;0;3;FlorestaSubmontana1
936;1;3;FlorestaSubmontana1
937;2;3;FlorestaSubmontana1
938;0;3;FlorestaSubmontana1
939;0;3;FlorestaSubmontana1
940;2;3;FlorestaSubmontana1
941;0;3;FlorestaSubmontana1
942;0;3;FlorestaSubmontana1
943;1;3;FlorestaSubmontana1
944;0;3;FlorestaSubmontana1
945;0;3;FlorestaSubmontana1
946;3;3;FlorestaSubmontana1
947;0;3;FlorestaSubmontana1
948;0;3;FlorestaSubmontana1
949;3;3;FlorestaSubmontana1
950;0;3;FlorestaSubmontana1
951;2;3;FlorestaSubmontana1
952;1;3;FlorestaSubmontana1
953;1;3;FlorestaSubmontana1
954;0;3;FlorestaSubmontana1
955;0;3;FlorestaSubmontana1
956;0;3;FlorestaSubmontana1
957;0;3;FlorestaSubmontana1
958;0;3;FlorestaSubmontana1
959;0;3;FlorestaSubmontana1
960;0;3;FlorestaSubmontana1
961;0;3;FlorestaSubmontana1
962;0;3;FlorestaSubmontana1
963;0;4;FlorestaSubmontana1
964;0;4;FlorestaSubmontana1
965;1;4;FlorestaSubmontana1
966;0;4;FlorestaSubmontana1
967;0;4;FlorestaSubmontana1
968;0;4;FlorestaSubmontana1
969;0;4;FlorestaSubmontana1
970;0;4;FlorestaSubmontana1
971;3;4;FlorestaSubmontana1
972;0;4;FlorestaSubmontana1
973;0;4;FlorestaSubmontana1
974;0;4;FlorestaSubmontana1
975;0;4;FlorestaSubmontana1
976;1;4;FlorestaSubmontana1
977;0;4;FlorestaSubmontana1
978;0;4;FlorestaSubmontana1
979;0;4;FlorestaSubmontana1
980;0;4;FlorestaSubmontana1
981;0;4;FlorestaSubmontana1
982;0;4;FlorestaSubmontana1
983;0;4;FlorestaSubmontana1
984;0;4;FlorestaSubmontana1
985;1;4;FlorestaSubmontana1
986;0;4;FlorestaSubmontana1
987;0;4;FlorestaSubmontana1
988;2;4;FlorestaSubmontana1
989;0;4;FlorestaSubmontana1
990;4;4;FlorestaSubmontana1
991;0;4;FlorestaSubmontana1
992;0;4;FlorestaSubmontana1
993;0;4;FlorestaSubmontana1
994;0;4;FlorestaSubmontana1
995;1;4;FlorestaSubmontana1
996;0;4;FlorestaSubmontana1
997;0;4;FlorestaSubmontana1
998;0;4;FlorestaSubmontana1
999;0;4;FlorestaSubmontana1
1000;0;4;FlorestaSubmontana1
1001;0;4;FlorestaSubmontana1
1002;0;4;FlorestaSubmontana1
1003;0;4;FlorestaSubmontana1
1004;0;4;FlorestaSubmontana1
1005;0;4;FlorestaSubmontana1
1006;0;4;FlorestaSubmontana1
1007;0;5;FlorestaSubmontana1
1008;0;5;FlorestaSubmontana1
1009;0;5;FlorestaSubmontana1
1010;0;5;FlorestaSubmontana1
1011;0;5;FlorestaSubmontana1
1012;0;5;FlorestaSubmontana1
1013;0;5;FlorestaSubmontana1
1014;0;5;FlorestaSubmontana1
1015;0;5;FlorestaSubmontana1
1016;0;5;FlorestaSubmontana1
1017;0;5;FlorestaSubmontana1
1018;0;5;FlorestaSubmontana1
1019;0;5;FlorestaSubmontana1
1020;0;5;FlorestaSubmontana1
1021;0;5;FlorestaSubmontana1
1022;0;5;FlorestaSubmontana1
1023;0;5;FlorestaSubmontana1
1024;0;5;FlorestaSubmontana1
1025;0;5;FlorestaSubmontana1
1026;0;5;FlorestaSubmontana1
1027;0;5;FlorestaSubmontana1
1028;0;5;FlorestaSubmontana1
1029;0;5;FlorestaSubmontana1
1030;0;5;FlorestaSubmontana1
1031;0;5;FlorestaSubmontana1
1032;0;5;FlorestaSubmontana1
1033;0;5;FlorestaSubmontana1
1034;1;5;FlorestaSubmontana1
1035;0;5;FlorestaSubmontana1
1036;0;5;FlorestaSubmontana1
1037;0;5;FlorestaSubmontana1
1038;0;5;FlorestaSubmontana1
1039;0;5;FlorestaSubmontana1
1040;0;5;FlorestaSubmontana1
1041;0;5;FlorestaSubmontana1
1042;0;5;FlorestaSubmontana1
1043;0;5;FlorestaSubmontana1
1044;0;5;FlorestaSubmontana1
1045;0;5;FlorestaSubmontana1
1046;0;5;FlorestaSubmontana1
1047;0;5;FlorestaSubmontana1
1048;0;5;FlorestaSubmontana1
1049;0;5;FlorestaSubmontana1
1050;0;5;FlorestaSubmontana1
1051;0;1;FlorestaSubmontana2
1052;0;1;FlorestaSubmontana2
1053;1;1;FlorestaSubmontana2
1054;2;1;FlorestaSubmontana2
1055;1;1;FlorestaSubmontana2
1056;2;1;FlorestaSubmontana2
1057;1;1;FlorestaSubmontana2
1058;2;1;FlorestaSubmontana2
1059;1;1;FlorestaSubmontana2
1060;1;1;FlorestaSubmontana2
1061;1;1;FlorestaSubmontana2
1062;0;1;FlorestaSubmontana2
1063;0;1;FlorestaSubmontana2
1064;0;1;FlorestaSubmontana2
1065;2;1;FlorestaSubmontana2
1066;0;1;FlorestaSubmontana2
1067;1;1;FlorestaSubmontana2
1068;0;1;FlorestaSubmontana2
1069;0;1;FlorestaSubmontana2
1070;1;1;FlorestaSubmontana2
1071;0;1;FlorestaSubmontana2
1072;1;1;FlorestaSubmontana2
1073;0;1;FlorestaSubmontana2
1074;1;1;FlorestaSubmontana2
1075;0;1;FlorestaSubmontana2
1076;0;1;FlorestaSubmontana2
1077;0;1;FlorestaSubmontana2
1078;1;1;FlorestaSubmontana2
1079;0;1;FlorestaSubmontana2
1080;0;1;FlorestaSubmontana2
1081;2;1;FlorestaSubmontana2
1082;1;1;FlorestaSubmontana2
1083;1;1;FlorestaSubmontana2
1084;1;1;FlorestaSubmontana2
1085;1;1;FlorestaSubmontana2
1086;0;1;FlorestaSubmontana2
1087;2;1;FlorestaSubmontana2
1088;1;1;FlorestaSubmontana2
1089;1;1;FlorestaSubmontana2
1090;0;1;FlorestaSubmontana2
1091;1;1;FlorestaSubmontana2
1092;0;1;FlorestaSubmontana2
1093;0;1;FlorestaSubmontana2
1094;0;1;FlorestaSubmontana2
1095;0;1;FlorestaSubmontana2
1096;0;1;FlorestaSubmontana2
1097;0;1;FlorestaSubmontana2
1098;0;1;FlorestaSubmontana2
1099;0;1;FlorestaSubmontana2
1100;0;1;FlorestaSubmontana2
1101;0;1;FlorestaSubmontana2
1102;0;1;FlorestaSubmontana2
1103;0;1;FlorestaSubmontana2
1104;0;1;FlorestaSubmontana2
1105;2;2;FlorestaSubmontana2
1106;0;2;FlorestaSubmontana2
1107;1;2;FlorestaSubmontana2
1108;3;2;FlorestaSubmontana2
1109;1;2;FlorestaSubmontana2
1110;6;2;FlorestaSubmontana2
1111;1;2;FlorestaSubmontana2
1112;0;2;FlorestaSubmontana2
1113;0;2;FlorestaSubmontana2
1114;0;2;FlorestaSubmontana2
1115;1;2;FlorestaSubmontana2
1116;0;2;FlorestaSubmontana2
1117;0;2;FlorestaSubmontana2
1118;0;2;FlorestaSubmontana2
1119;2;2;FlorestaSubmontana2
1120;1;2;FlorestaSubmontana2
1121;0;2;FlorestaSubmontana2
1122;0;2;FlorestaSubmontana2
1123;0;2;FlorestaSubmontana2
1124;0;2;FlorestaSubmontana2
1125;0;2;FlorestaSubmontana2
1126;1;2;FlorestaSubmontana2
1127;2;2;FlorestaSubmontana2
1128;2;2;FlorestaSubmontana2
1129;1;2;FlorestaSubmontana2
1130;2;2;FlorestaSubmontana2
1131;2;2;FlorestaSubmontana2
1132;1;2;FlorestaSubmontana2
1133;1;2;FlorestaSubmontana2
1134;0;2;FlorestaSubmontana2
1135;3;2;FlorestaSubmontana2
1136;1;2;FlorestaSubmontana2
1137;3;2;FlorestaSubmontana2
1138;2;2;FlorestaSubmontana2
1139;1;2;FlorestaSubmontana2
1140;0;2;FlorestaSubmontana2
1141;2;2;FlorestaSubmontana2
1142;1;2;FlorestaSubmontana2
1143;1;2;FlorestaSubmontana2
1144;1;2;FlorestaSubmontana2
1145;1;2;FlorestaSubmontana2
1146;0;2;FlorestaSubmontana2
1147;0;2;FlorestaSubmontana2
1148;0;2;FlorestaSubmontana2
1149;0;2;FlorestaSubmontana2
1150;0;2;FlorestaSubmontana2
1151;0;2;FlorestaSubmontana2
1152;0;2;FlorestaSubmontana2
1153;0;2;FlorestaSubmontana2
1154;0;2;FlorestaSubmontana2
1155;0;2;FlorestaSubmontana2
1156;0;2;FlorestaSubmontana2
1157;0;2;FlorestaSubmontana2
1158;0;2;FlorestaSubmontana2
1159;0;3;FlorestaSubmontana2
1160;0;3;FlorestaSubmontana2
1161;0;3;FlorestaSubmontana2
1162;1;3;FlorestaSubmontana2
1163;1;3;FlorestaSubmontana2
1164;1;3;FlorestaSubmontana2
1165;0;3;FlorestaSubmontana2
1166;0;3;FlorestaSubmontana2
1167;1;3;FlorestaSubmontana2
1168;0;3;FlorestaSubmontana2
1169;2;3;FlorestaSubmontana2
1170;1;3;FlorestaSubmontana2
1171;0;3;FlorestaSubmontana2
1172;0;3;FlorestaSubmontana2
1173;2;3;FlorestaSubmontana2
1174;0;3;FlorestaSubmontana2
1175;0;3;FlorestaSubmontana2
1176;0;3;FlorestaSubmontana2
1177;0;3;FlorestaSubmontana2
1178;0;3;FlorestaSubmontana2
1179;0;3;FlorestaSubmontana2
1180;1;3;FlorestaSubmontana2
1181;2;3;FlorestaSubmontana2
1182;0;3;FlorestaSubmontana2
1183;0;3;FlorestaSubmontana2
1184;1;3;FlorestaSubmontana2
1185;0;3;FlorestaSubmontana2
1186;2;3;FlorestaSubmontana2
1187;2;3;FlorestaSubmontana2
1188;0;3;FlorestaSubmontana2
1189;2;3;FlorestaSubmontana2
1190;0;3;FlorestaSubmontana2
1191;1;3;FlorestaSubmontana2
1192;1;3;FlorestaSubmontana2
1193;0;3;FlorestaSubmontana2
1194;0;3;FlorestaSubmontana2
1195;0;3;FlorestaSubmontana2
1196;0;3;FlorestaSubmontana2
1197;0;3;FlorestaSubmontana2
1198;0;3;FlorestaSubmontana2
1199;0;3;FlorestaSubmontana2
1200;0;3;FlorestaSubmontana2
1201;0;3;FlorestaSubmontana2
1202;0;3;FlorestaSubmontana2
1203;0;3;FlorestaSubmontana2
1204;0;3;FlorestaSubmontana2
1205;0;3;FlorestaSubmontana2
1206;0;3;FlorestaSubmontana2
1207;0;3;FlorestaSubmontana2
1208;0;3;FlorestaSubmontana2
1209;0;3;FlorestaSubmontana2
1210;0;3;FlorestaSubmontana2
1211;0;3;FlorestaSubmontana2
1212;0;3;FlorestaSubmontana2
1213;1;4;FlorestaSubmontana2
1214;0;4;FlorestaSubmontana2
1215;0;4;FlorestaSubmontana2
1216;0;4;FlorestaSubmontana2
1217;1;4;FlorestaSubmontana2
1218;0;4;FlorestaSubmontana2
1219;0;4;FlorestaSubmontana2
1220;0;4;FlorestaSubmontana2
1221;0;4;FlorestaSubmontana2
1222;0;4;FlorestaSubmontana2
1223;1;4;FlorestaSubmontana2
1224;1;4;FlorestaSubmontana2
1225;0;4;FlorestaSubmontana2
1226;0;4;FlorestaSubmontana2
1227;1;4;FlorestaSubmontana2
1228;0;4;FlorestaSubmontana2
1229;2;4;FlorestaSubmontana2
1230;0;4;FlorestaSubmontana2
1231;0;4;FlorestaSubmontana2
1232;0;4;FlorestaSubmontana2
1233;0;4;FlorestaSubmontana2
1234;0;4;FlorestaSubmontana2
1235;2;4;FlorestaSubmontana2
1236;0;4;FlorestaSubmontana2
1237;0;4;FlorestaSubmontana2
1238;0;4;FlorestaSubmontana2
1239;0;4;FlorestaSubmontana2
1240;0;4;FlorestaSubmontana2
1241;1;4;FlorestaSubmontana2
1242;3;4;FlorestaSubmontana2
1243;0;4;FlorestaSubmontana2
1244;2;4;FlorestaSubmontana2
1245;0;4;FlorestaSubmontana2
1246;0;4;FlorestaSubmontana2
1247;0;4;FlorestaSubmontana2
1248;0;4;FlorestaSubmontana2
1249;1;4;FlorestaSubmontana2
1250;1;4;FlorestaSubmontana2
1251;0;4;FlorestaSubmontana2
1252;0;4;FlorestaSubmontana2
1253;0;4;FlorestaSubmontana2
1254;0;4;FlorestaSubmontana2
1255;0;4;FlorestaSubmontana2
1256;0;4;FlorestaSubmontana2
1257;0;4;FlorestaSubmontana2
1258;0;4;FlorestaSubmontana2
1259;0;4;FlorestaSubmontana2
1260;0;4;FlorestaSubmontana2
1261;0;4;FlorestaSubmontana2
1262;0;4;FlorestaSubmontana2
1263;0;4;FlorestaSubmontana2
1264;0;4;FlorestaSubmontana2
1265;0;4;FlorestaSubmontana2
1266;0;4;FlorestaSubmontana2
1267;1;5;FlorestaSubmontana2
1268;0;5;FlorestaSubmontana2
1269;0;5;FlorestaSubmontana2
1270;0;5;FlorestaSubmontana2
1271;0;5;FlorestaSubmontana2
1272;1;5;FlorestaSubmontana2
1273;0;5;FlorestaSubmontana2
1274;0;5;FlorestaSubmontana2
1275;0;5;FlorestaSubmontana2
1276;0;5;FlorestaSubmontana2
1277;0;5;FlorestaSubmontana2
1278;0;5;FlorestaSubmontana2
1279;0;5;FlorestaSubmontana2
1280;0;5;FlorestaSubmontana2
1281;0;5;FlorestaSubmontana2
1282;0;5;FlorestaSubmontana2
1283;0;5;FlorestaSubmontana2
1284;0;5;FlorestaSubmontana2
1285;0;5;FlorestaSubmontana2
1286;0;5;FlorestaSubmontana2
1287;0;5;FlorestaSubmontana2
1288;0;5;FlorestaSubmontana2
1289;3;5;FlorestaSubmontana2
1290;0;5;FlorestaSubmontana2
1291;0;5;FlorestaSubmontana2
1292;0;5;FlorestaSubmontana2
1293;0;5;FlorestaSubmontana2
1294;0;5;FlorestaSubmontana2
1295;5;5;FlorestaSubmontana2
1296;1;5;FlorestaSubmontana2
1297;0;5;FlorestaSubmontana2
1298;1;5;FlorestaSubmontana2
1299;0;5;FlorestaSubmontana2
1300;3;5;FlorestaSubmontana2
1301;0;5;FlorestaSubmontana2
1302;0;5;FlorestaSubmontana2
1303;1;5;FlorestaSubmontana2
1304;0;5;FlorestaSubmontana2
1305;0;5;FlorestaSubmontana2
1306;0;5;FlorestaSubmontana2
1307;0;5;FlorestaSubmontana2
1308;0;5;FlorestaSubmontana2
1309;0;5;FlorestaSubmontana2
1310;0;5;FlorestaSubmontana2
1311;0;5;FlorestaSubmontana2
1312;0;5;FlorestaSubmontana2
1313;0;5;FlorestaSubmontana2
1314;0;5;FlorestaSubmontana2
1315;0;5;FlorestaSubmontana2
1316;0;5;FlorestaSubmontana2
1317;0;5;FlorestaSubmontana2
1318;0;5;FlorestaSubmontana2
1319;0;5;FlorestaSubmontana2
1320;0;5;FlorestaSubmontana2
